{
    "geoecoproduct_2": {
        "good": {
            "https://yandex.ru/search/?text=межевание+череповец": [
                "geoecoproduct.ru",
                "grandfil.ru",
                "uslugi.yandex.ru",
                "agrogeo.ru"
            ],
            "https://yandex.ru/search/?text=межевание+стоимость+череповец": [
                "geoecoproduct.ru",
                "uslugi.yandex.ru",
                "sites.google.com",
                "agrogeo.ru"
            ],
            "https://yandex.ru/search/?text=топосъемка+череповец": [
                "geoecoproduct.ru",
                "topograficheskaya-syemka.ru",
                "iziskania.com",
                "sites.google.com"
            ],
            "https://yandex.ru/search/?text=геодезия+земельного+участка+череповец": [
                "geoecoproduct.ru",
                "novabereg.ru",
                "uslugi.yandex.ru",
                "yutageo.ru"
            ],
            "https://yandex.ru/search/?text=геодезические+организации+череповец": [
                "geoecoproduct.ru",
                "uslugi.yandex.ru",
                "геодезическое-сопровождение.рф",
                "yutageo.ru"
            ],
            "https://yandex.ru/search/?text=межевание+земельного+участка+череповец": [
                "geoecoproduct.ru",
                "uslugi.yandex.ru",
                "grandfil.ru",
                "agrogeo.ru"
            ],
            "https://yandex.ru/search/?text=межевание+садового+участка+череповец": [
                "geoecoproduct.ru",
                "agrogeo.ru",
                "Яндекс.Директ",
                "agrogeo.ru"
            ],
            "https://yandex.ru/search/?text=сколько+стоит+межевание+участка+череповец": [
                "geoecoproduct.ru",
                "uslugi.yandex.ru",
                "agrogeo.ru",
                "sites.google.com"
            ],
            "https://yandex.ru/search/?text=как+провести+межевание+земельного+участка+череповец": [
                "geoecoproduct.ru",
                "uslugi.yandex.ru",
                "agrogeo.ru",
                "Яндекс.Директ"
            ],
            "https://yandex.ru/search/?text=заказать+межевание+земельного+участка+череповец": [
                "geoecoproduct.ru",
                "uslugi.yandex.ru",
                "agrogeo.ru",
                "amulex.ru"
            ],
            "https://yandex.ru/search/?text=заказать+межевание+участка+череповец": [
                "geoecoproduct.ru",
                "uslugi.yandex.ru",
                "agrogeo.ru",
                "sites.google.com"
            ],
            "https://yandex.ru/search/?text=заказать+межевание+земельного+череповец": [
                "geoecoproduct.ru",
                "uslugi.yandex.ru",
                "sites.google.com",
                "amulex.ru"
            ],
            "https://yandex.ru/search/?text=как+оформить+межевание+земельного+участка+череповец": [
                "geoecoproduct.ru",
                "uslugi.yandex.ru",
                "agrogeo.ru",
                "Яндекс.Директ"
            ],
            "https://yandex.ru/search/?text=стоимость+межевания+земельного+череповец": [
                "geoecoproduct.ru",
                "uslugi.yandex.ru",
                "agrogeo.ru",
                "sites.google.com"
            ],
            "https://yandex.ru/search/?text=паспорт+межевания+череповец": [
                "geoecoproduct.ru",
                "agrogeo.ru",
                "Яндекс.Директ",
                "egrp365.org"
            ],
            "https://yandex.ru/search/?text=межевание+земельного+участка+череповец+цена": [
                "geoecoproduct.ru",
                "uslugi.yandex.ru",
                "agrogeo.ru",
                "sites.google.com"
            ],
            "https://yandex.ru/search/?text=выполнить+межевание+череповец": [
                "geoecoproduct.ru",
                "uslugi.yandex.ru",
                "sites.google.com",
                "agrogeo.ru"
            ],
            "https://yandex.ru/search/?text=провести+межевание+череповец": [
                "geoecoproduct.ru",
                "uslugi.yandex.ru",
                "sites.google.com",
                "agrogeo.ru"
            ],
            "https://yandex.ru/search/?text=межевание+земельных+участков+дачные+участки+череповец": [
                "geoecoproduct.ru",
                "uslugi.yandex.ru",
                "5hills.ru",
                "agrogeo.ru"
            ],
            "https://yandex.ru/search/?text=провести+межевание+земельного+череповец": [
                "geoecoproduct.ru",
                "uslugi.yandex.ru",
                "agrogeo.ru",
                "sites.google.com"
            ],
            "https://yandex.ru/search/?text=межевание+границы+дачного+участка+череповец": [
                "geoecoproduct.ru",
                "uslugi.yandex.ru",
                "5hills.ru",
                "agrogeo.ru"
            ],
            "https://yandex.ru/search/?text=межевание+череповец+цена": [
                "geoecoproduct.ru",
                "uslugi.yandex.ru",
                "sites.google.com",
                "agrogeo.ru"
            ],
            "https://yandex.ru/search/?text=надо+делать+межевание+череповец": [
                "geoecoproduct.ru",
                "Яндекс.Директ",
                "journal.tinkoff.ru",
                "realty.rbc.ru"
            ],
            "https://yandex.ru/search/?text=сделать+межевание+земельного+череповец": [
                "geoecoproduct.ru",
                "uslugi.yandex.ru",
                "agrogeo.ru",
                "sites.google.com"
            ],
            "https://yandex.ru/search/?text=межевание+цена+череповец": [
                "geoecoproduct.ru",
                "uslugi.yandex.ru",
                "sites.google.com",
                "agrogeo.ru"
            ],
            "https://yandex.ru/search/?text=сделать+межевание+земельного+участка+году+череповец": [
                "geoecoproduct.ru",
                "uslugi.yandex.ru",
                "agrogeo.ru",
                "sites.google.com"
            ],
            "https://yandex.ru/search/?text=межевание+участка+стоимость+в+области+череповец": [
                "geoecoproduct.ru",
                "uslugi.yandex.ru",
                "agrogeo.ru",
                "Яндекс.Директ"
            ],
            "https://yandex.ru/search/?text=сколько+стоит+межевание+в+2020+череповец": [
                "geoecoproduct.ru",
                "uslugi.yandex.ru",
                "agrogeo.ru",
                "sites.google.com"
            ],
            "https://yandex.ru/search/?text=оформление+межевания+череповец": [
                "geoecoproduct.ru",
                "agrogeo.ru",
                "Яндекс.Директ",
                "vk.com"
            ],
            "https://yandex.ru/search/?text=межевание+земельного+дачного+череповец": [
                "geoecoproduct.ru",
                "uslugi.yandex.ru",
                "agrogeo.ru",
                "Яндекс.Директ"
            ],
            "https://yandex.ru/search/?text=сколько+стоит+межевание+земельного+участка+череповец": [
                "geoecoproduct.ru",
                "uslugi.yandex.ru",
                "agrogeo.ru",
                "Яндекс.Директ"
            ],
            "https://yandex.ru/search/?text=сделать+межевание+участка+года+череповец": [
                "geoecoproduct.ru",
                "uslugi.yandex.ru",
                "agrogeo.ru",
                "sites.google.com"
            ],
            "https://yandex.ru/search/?text=делать+межевание+дома+череповец": [
                "geoecoproduct.ru",
                "agrogeo.ru",
                "Яндекс.Директ",
                "vk.com"
            ],
            "https://yandex.ru/search/?text=межевание+земельного+участка+цена+череповец": [
                "geoecoproduct.ru",
                "uslugi.yandex.ru",
                "agrogeo.ru",
                "sites.google.com"
            ],
            "https://yandex.ru/search/?text=делать+межевание+дачных+участков+череповец": [
                "geoecoproduct.ru",
                "uslugi.yandex.ru",
                "5hills.ru",
                "agrogeo.ru"
            ],
            "https://yandex.ru/search/?text=сколько+стоит+межевание+земельного+участка+2020+череповец": [
                "geoecoproduct.ru",
                "uslugi.yandex.ru",
                "agrogeo.ru",
                "sites.google.com"
            ],
            "https://yandex.ru/search/?text=сделать+межевание+году+череповец": [
                "geoecoproduct.ru",
                "uslugi.yandex.ru",
                "sites.google.com",
                "agrogeo.ru"
            ],
            "https://yandex.ru/search/?text=бти+межеванию+череповец": [
                "geoecoproduct.ru",
                "rosp29.ru",
                "uslugi.yandex.ru",
                "agrogeo.ru"
            ],
            "https://yandex.ru/search/?text=как+сделать+межевание+участка+череповец": [
                "geoecoproduct.ru",
                "uslugi.yandex.ru",
                "agrogeo.ru",
                "amulex.ru"
            ],
            "https://yandex.ru/search/?text=межевание+участка+череповец": [
                "geoecoproduct.ru",
                "grandfil.ru",
                "uslugi.yandex.ru",
                "agrogeo.ru"
            ],
            "https://yandex.ru/search/?text=как+сделать+межевание+земельного+участка+в+2020+череповец": [
                "geoecoproduct.ru",
                "uslugi.yandex.ru",
                "agrogeo.ru",
                "journal.tinkoff.ru"
            ],
            "https://yandex.ru/search/?text=сколько+стоит+межевание+череповец": [
                "geoecoproduct.ru",
                "uslugi.yandex.ru",
                "agrogeo.ru",
                "sites.google.com"
            ],
            "https://yandex.ru/search/?text=как+оформить+межевания+участка+череповец": [
                "geoecoproduct.ru",
                "uslugi.yandex.ru",
                "agrogeo.ru",
                "journal.tinkoff.ru"
            ],
            "https://yandex.ru/search/?text=как+сделать+межевание+земельного+участка+череповец": [
                "geoecoproduct.ru",
                "uslugi.yandex.ru",
                "agrogeo.ru",
                "amulex.ru"
            ],
            "https://yandex.ru/search/?text=межевание+участка+проведено+делать+череповец": [
                "geoecoproduct.ru",
                "uslugi.yandex.ru",
                "agrogeo.ru",
                "геодезия35.рф"
            ],
            "https://yandex.ru/search/?text=межевание+участка+стоимость+череповец": [
                "geoecoproduct.ru",
                "uslugi.yandex.ru",
                "agrogeo.ru",
                "sites.google.com"
            ],
            "https://yandex.ru/search/?text=межевание+телефоны+череповец": [
                "geoecoproduct.ru",
                "uslugi.yandex.ru",
                "agrogeo.ru",
                "Яндекс.Директ"
            ],
            "https://yandex.ru/search/?text=сколько+стоит+межевание+земельного+участка+2020+году+череповец": [
                "geoecoproduct.ru",
                "uslugi.yandex.ru",
                "agrogeo.ru",
                "sites.google.com"
            ],
            "https://yandex.ru/search/?text=межевание+земельного+череповец": [
                "geoecoproduct.ru",
                "grandfil.ru",
                "agrogeo.ru",
                "sites.google.com"
            ],
            "https://yandex.ru/search/?text=как+провести+межевание+участка+череповец": [
                "geoecoproduct.ru",
                "uslugi.yandex.ru",
                "agrogeo.ru",
                "Яндекс.Директ"
            ],
            "https://yandex.ru/search/?text=делать+межевание+земельного+череповец": [
                "geoecoproduct.ru",
                "uslugi.yandex.ru",
                "sites.google.com",
                "agrogeo.ru"
            ],
            "https://yandex.ru/search/?text=межевание+дачных+участков+череповец": [
                "geoecoproduct.ru",
                "uslugi.yandex.ru",
                "5hills.ru",
                "agrogeo.ru"
            ],
            "https://yandex.ru/search/?text=область+межевание+земельного+участка+стоимость+череповец": [
                "geoecoproduct.ru",
                "uslugi.yandex.ru",
                "agrogeo.ru",
                "Яндекс.Директ"
            ],
            "https://yandex.ru/search/?text=геодезия+сайт+череповец": [
                "geoecoproduct.ru",
                "urgaps.ru",
                "геодезия35.рф",
                "Яндекс.Директ"
            ],
            "https://yandex.ru/search/?text=полевые+геодезические+работы+череповец": [
                "geoecoproduct.ru",
                "uslugi.yandex.ru",
                "sites.google.com",
                "yutageo.ru"
            ],
            "https://yandex.ru/search/?text=топографо+геодезические+изыскания+череповец": [
                "geoecoproduct.ru",
                "uslugi.yandex.ru",
                "sites.google.com",
                "xtrems.ru"
            ],
            "https://yandex.ru/search/?text=геодезические+изыскания+цена+череповец": [
                "geoecoproduct.ru",
                "гео35.рф",
                "xtrems.ru",
                "uslugi.yandex.ru"
            ],
            "https://yandex.ru/search/?text=проведение+геодезических+изысканий+череповец": [
                "geoecoproduct.ru",
                "sites.google.com",
                "uslugi.yandex.ru",
                "xtrems.ru"
            ],
            "https://yandex.ru/search/?text=геодезист+на+участок+череповец": [
                "geoecoproduct.ru",
                "sites.google.com",
                "yutageo.ru",
                "agrogeo.ru"
            ],
            "https://yandex.ru/search/?text=геодезические+работы+для+кадастра+череповец": [
                "geoecoproduct.ru",
                "sites.google.com",
                "yutageo.ru",
                "uslugi.yandex.ru"
            ],
            "https://yandex.ru/search/?text=геодезические+изыскания+автомобильных+дорог+череповец": [
                "geoecoproduct.ru",
                "sites.google.com",
                "uslugi.yandex.ru",
                "yutageo.ru"
            ],
            "https://yandex.ru/search/?text=геодезист+авито+череповец": [
                "geoecoproduct.ru",
                "urgaps.ru",
                "Avito.ru",
                "cherepovets.hh.ru"
            ],
            "https://yandex.ru/search/?text=инженерно+геодезические+изыскания+зданий+череповец": [
                "geoecoproduct.ru",
                "гео35.рф",
                "uslugi.yandex.ru",
                "xtrems.ru"
            ],
            "https://yandex.ru/search/?text=провести+геодезическую+съемку+череповец": [
                "geoecoproduct.ru",
                "гео35.рф",
                "topograficheskaya-syemka.ru",
                "mgeoplus.ru"
            ],
            "https://yandex.ru/search/?text=геодезические+работы+череповец": [
                "geoecoproduct.ru",
                "uslugi.yandex.ru",
                "sites.google.com",
                "yutageo.ru"
            ],
            "https://yandex.ru/search/?text=геодезические+изыскания+череповец": [
                "geoecoproduct.ru",
                "гео35.рф",
                "uslugi.yandex.ru",
                "sites.google.com"
            ],
            "https://yandex.ru/search/?text=геодезический+разбивочный+череповец": [
                "geoecoproduct.ru",
                "Яндекс.Директ",
                "uslugi.yandex.ru",
                "megalid.ru"
            ],
            "https://yandex.ru/search/?text=геодезическая+съемка+череповец": [
                "geoecoproduct.ru",
                "sites.google.com",
                "mgeoplus.ru",
                "Яндекс.Директ"
            ],
            "https://yandex.ru/search/?text=вынос+точек+в+натуру+череповец": [
                "geoecoproduct.ru",
                "uslugi.yandex.ru",
                "sites.google.com",
                "Яндекс.Директ"
            ],
            "https://yandex.ru/search/?text=вынос+границ+участка+в+натуру+череповец": [
                "geoecoproduct.ru",
                "uslugi.yandex.ru",
                "sites.google.com",
                "Яндекс.Директ"
            ],
            "https://yandex.ru/search/?text=вынос+в+натуру+границ+земельного+участка+череповец": [
                "geoecoproduct.ru",
                "uslugi.yandex.ru",
                "novabereg.ru",
                "sites.google.com"
            ],
            "https://yandex.ru/search/?text=вынос+границ+цена+череповец": [
                "geoecoproduct.ru",
                "uslugi.yandex.ru",
                "sites.google.com",
                "Яндекс.Директ"
            ],
            "https://yandex.ru/search/?text=вынос+точек+на+местности+череповец": [
                "geoecoproduct.ru",
                "uslugi.yandex.ru",
                "sites.google.com",
                "Яндекс.Директ"
            ],
            "https://yandex.ru/search/?text=вынос+в+натуру+земельного+участка+череповец": [
                "geoecoproduct.ru",
                "novabereg.ru",
                "uslugi.yandex.ru",
                "sites.google.com"
            ],
            "https://yandex.ru/search/?text=вынос+участка+в+натуру+череповец": [
                "geoecoproduct.ru",
                "uslugi.yandex.ru",
                "sites.google.com",
                "Яндекс.Директ"
            ],
            "https://yandex.ru/search/?text=вынос+земельного+участка+череповец": [
                "geoecoproduct.ru",
                "novabereg.ru",
                "uslugi.yandex.ru",
                "sites.google.com"
            ],
            "https://yandex.ru/search/?text=вынос+границ+земельного+участка+на+местности+цена+череповец": [
                "geoecoproduct.ru",
                "novabereg.ru",
                "uslugi.yandex.ru",
                "yutageo.ru"
            ],
            "https://yandex.ru/search/?text=вынос+границ+земельного+участка+цена+череповец": [
                "geoecoproduct.ru",
                "novabereg.ru",
                "uslugi.yandex.ru",
                "Яндекс.Директ"
            ],
            "https://yandex.ru/search/?text=вынос+границ+земельного+участка+на+местности+череповец": [
                "geoecoproduct.ru",
                "novabereg.ru",
                "uslugi.yandex.ru",
                "sites.google.com"
            ],
            "https://yandex.ru/search/?text=способы+выноса+точек+череповец": [
                "geoecoproduct.ru",
                "uslugi.yandex.ru",
                "uslugi.yandex.ru",
                "Avito.ru"
            ],
            "https://yandex.ru/search/?text=вынос+границ+земельного+череповец": [
                "geoecoproduct.ru",
                "uslugi.yandex.ru",
                "sites.google.com",
                "Яндекс.Директ"
            ],
            "https://yandex.ru/search/?text=вынос+границ+участка+череповец": [
                "geoecoproduct.ru",
                "uslugi.yandex.ru",
                "sites.google.com",
                "agrogeo.ru"
            ],
            "https://yandex.ru/search/?text=вынос+участка+местность+череповец": [
                "geoecoproduct.ru",
                "uslugi.yandex.ru",
                "sites.google.com",
                "Яндекс.Директ"
            ],
            "https://yandex.ru/search/?text=вынос+границ+участка+местности+череповец": [
                "geoecoproduct.ru",
                "uslugi.yandex.ru",
                "sites.google.com",
                "agrogeo.ru"
            ],
            "https://yandex.ru/search/?text=вынос+точек+череповец": [
                "geoecoproduct.ru",
                "uslugi.yandex.ru",
                "Яндекс.Директ",
                "uslugi.yandex.ru"
            ],
            "https://yandex.ru/search/?text=вынос+земельный+натура+череповец": [
                "geoecoproduct.ru",
                "agrogeo.ru",
                "uslugi.yandex.ru",
                "grandfil.ru"
            ],
            "https://yandex.ru/search/?text=граница+участка+натуру+череповец": [
                "geoecoproduct.ru",
                "agrogeo.ru",
                "Яндекс.Директ",
                "uslugi.yandex.ru"
            ],
            "https://yandex.ru/search/?text=вынос+участка+череповец": [
                "geoecoproduct.ru",
                "uslugi.yandex.ru",
                "sites.google.com",
                "agrogeo.ru"
            ],
            "https://yandex.ru/search/?text=натура+участок+череповец": [
                "geoecoproduct.ru",
                "Avito.ru",
                "vk.com",
                "uslugi.yandex.ru"
            ],
            "https://yandex.ru/search/?text=вынос+границ+земельного+участка+череповец": [
                "geoecoproduct.ru",
                "novabereg.ru",
                "uslugi.yandex.ru",
                "sites.google.com"
            ],
            "https://yandex.ru/search/?text=вынос+натуру+границ+земельного+череповец": [
                "geoecoproduct.ru",
                "uslugi.yandex.ru",
                "sites.google.com",
                "agrogeo.ru"
            ],
            "https://yandex.ru/search/?text=цены+на+вынос+границ+участка+череповец": [
                "geoecoproduct.ru",
                "uslugi.yandex.ru",
                "sites.google.com",
                "agrogeo.ru"
            ],
            "https://yandex.ru/search/?text=вынос+границ+череповец": [
                "geoecoproduct.ru",
                "sites.google.com",
                "agrogeo.ru",
                "Яндекс.Директ"
            ],
            "https://yandex.ru/search/?text=вынос+в+натуру+череповец": [
                "geoecoproduct.ru",
                "sites.google.com",
                "agrogeo.ru",
                "Яндекс.Директ"
            ],
            "https://yandex.ru/search/?text=кадастровая+разметка+участка+череповец": [
                "geoecoproduct.ru",
                "Яндекс.Директ",
                "egrp365.org",
                "roscadastr.com"
            ],
            "https://yandex.ru/search/?text=разметка+земельного+участка+череповец": [
                "geoecoproduct.ru",
                "novabereg.ru",
                "uslugi.yandex.ru",
                "Яндекс.Директ"
            ],
            "https://yandex.ru/search/?text=разметка+участка+цена+череповец": [
                "geoecoproduct.ru",
                "sites.google.com",
                "Яндекс.Директ",
                "Avito.ru"
            ],
            "https://yandex.ru/search/?text=разметка++для+выравнивания+участка+череповец": [
                "geoecoproduct.ru",
                "uslugi.yandex.ru",
                "Яндекс.Директ",
                "Avito.ru"
            ],
            "https://yandex.ru/search/?text=разметка+участка+под+строительство+череповец": [
                "geoecoproduct.ru",
                "Яндекс.Директ",
                "Avito.ru",
                "mayor.cherinfo.ru"
            ],
            "https://yandex.ru/search/?text=разметка+границ+земельного+участка+череповец": [
                "geoecoproduct.ru",
                "novabereg.ru",
                "uslugi.yandex.ru",
                "sites.google.com"
            ],
            "https://yandex.ru/search/?text=сделать+разметку+участка+череповец": [
                "geoecoproduct.ru",
                "Яндекс.Директ",
                "Avito.ru",
                "mayor.cherinfo.ru"
            ],
            "https://yandex.ru/search/?text=геодезист+разметка+участка+череповец": [
                "geoecoproduct.ru",
                "uslugi.yandex.ru",
                "sites.google.com",
                "yutageo.ru"
            ],
            "https://yandex.ru/search/?text=разметка+участка+нивелиром+череповец": [
                "geoecoproduct.ru",
                "ankar.pro",
                "Яндекс.Директ",
                "Avito.ru"
            ],
            "https://yandex.ru/search/?text=разметка+участка++по+кадастровому+номеру+цена+череповец": [
                "geoecoproduct.ru",
                "Яндекс.Директ",
                "egrp365.org",
                "agrogeo.ru"
            ],
            "https://yandex.ru/search/?text=разметка+территории+участка+череповец": [
                "geoecoproduct.ru",
                "Яндекс.Директ",
                "Avito.ru",
                "gid.cherinfo.ru"
            ],
            "https://yandex.ru/search/?text=вынесение+границ+череповец": [
                "geoecoproduct.ru",
                "Avito.ru",
                "mayor.cherinfo.ru",
                "grandfil.ru"
            ],
            "https://yandex.ru/search/?text=вынесение+границ+в+натуру+череповец": [
                "geoecoproduct.ru",
                "sites.google.com",
                "Яндекс.Директ",
                "grandfil.ru"
            ],
            "https://yandex.ru/search/?text=вынесение+границ+участка+в+натуру+череповец": [
                "geoecoproduct.ru",
                "uslugi.yandex.ru",
                "sites.google.com",
                "agrogeo.ru"
            ],
            "https://yandex.ru/search/?text=закрепление+границ+участка+череповец": [
                "geoecoproduct.ru",
                "agrogeo.ru",
                "Яндекс.Директ",
                "Avito.ru"
            ],
            "https://yandex.ru/search/?text=закрепление+границ+земельного+участка+межевыми+знаками+череповец": [
                "geoecoproduct.ru",
                "uslugi.yandex.ru",
                "Яндекс.Директ",
                "cherepovets.mfc35.ru"
            ],
            "https://yandex.ru/search/?text=выделение+границ+участка+череповец": [
                "geoecoproduct.ru",
                "agrogeo.ru",
                "Яндекс.Директ",
                "journal.tinkoff.ru"
            ],
            "https://yandex.ru/search/?text=установление+границ+участка+череповец": [
                "geoecoproduct.ru",
                "uslugi.yandex.ru",
                "sites.google.com",
                "agrogeo.ru"
            ],
            "https://yandex.ru/search/?text=установление+границ+земельного+участка+череповец": [
                "geoecoproduct.ru",
                "novabereg.ru",
                "uslugi.yandex.ru",
                "sites.google.com"
            ],
            "https://yandex.ru/search/?text=установка+границ+участка+череповец": [
                "geoecoproduct.ru",
                "uslugi.yandex.ru",
                "agrogeo.ru",
                "sites.google.com"
            ],
            "https://yandex.ru/search/?text=установление+площади+и+границ+земельного+участка+череповец": [
                "geoecoproduct.ru",
                "novabereg.ru",
                "uslugi.yandex.ru",
                "agrogeo.ru"
            ],
            "https://yandex.ru/search/?text=установление+границ+земельного+участка+на+местности+череповец": [
                "geoecoproduct.ru",
                "novabereg.ru",
                "uslugi.yandex.ru",
                "sites.google.com"
            ],
            "https://yandex.ru/search/?text=установление+границ+земельного+участка+в+суде+череповец": [
                "geoecoproduct.ru",
                "uslugi.yandex.ru",
                "Яндекс.Директ",
                "bko.gov35.ru"
            ],
            "https://yandex.ru/search/?text=установка+границ+земельного+участка+череповец": [
                "geoecoproduct.ru",
                "novabereg.ru",
                "uslugi.yandex.ru",
                "sites.google.com"
            ],
            "https://yandex.ru/search/?text=установление+местоположения+границ+земельного+участка+череповец": [
                "geoecoproduct.ru",
                "novabereg.ru",
                "uslugi.yandex.ru",
                "agrogeo.ru"
            ],
            "https://yandex.ru/search/?text=установление+границ+участка+межевания+череповец": [
                "geoecoproduct.ru",
                "uslugi.yandex.ru",
                "sites.google.com",
                "agrogeo.ru"
            ],
            "https://yandex.ru/search/?text=проект+установление+границ+земельного+участка+череповец": [
                "geoecoproduct.ru",
                "novabereg.ru",
                "uslugi.yandex.ru",
                "sites.google.com"
            ],
            "https://yandex.ru/search/?text=установление+и+изменение+границ+земельных+участков+череповец": [
                "geoecoproduct.ru",
                "novabereg.ru",
                "uslugi.yandex.ru",
                "metizgroup.ru"
            ],
            "https://yandex.ru/search/?text=как+определить+границы+участка+для+установки+забора+череповец": [
                "geoecoproduct.ru",
                "uslugi.yandex.ru",
                "профильцентр.рф",
                "agrogeo.ru"
            ],
            "https://yandex.ru/search/?text=установление+части+границы+земельного+участка+череповец": [
                "geoecoproduct.ru",
                "novabereg.ru",
                "uslugi.yandex.ru",
                "metizgroup.ru"
            ],
            "https://yandex.ru/search/?text=установка+границ+участка+на+местности+череповец": [
                "geoecoproduct.ru",
                "uslugi.yandex.ru",
                "sites.google.com",
                "agrogeo.ru"
            ],
            "https://yandex.ru/search/?text=установление+новых+границ+земельного+участка+череповец": [
                "geoecoproduct.ru",
                "novabereg.ru",
                "uslugi.yandex.ru",
                "agrogeo.ru"
            ],
            "https://yandex.ru/search/?text=установка+границ+земельного+участка+на+местности+череповец": [
                "geoecoproduct.ru",
                "novabereg.ru",
                "uslugi.yandex.ru",
                "sites.google.com"
            ],
            "https://yandex.ru/search/?text=установление+кадастровых+границ+земельного+участка+череповец": [
                "geoecoproduct.ru",
                "novabereg.ru",
                "uslugi.yandex.ru",
                "agrogeo.ru"
            ],
            "https://yandex.ru/search/?text=план+установления+границ+земельного+участка+череповец": [
                "geoecoproduct.ru",
                "novabereg.ru",
                "nts-gr.ru",
                "uslugi.yandex.ru"
            ],
            "https://yandex.ru/search/?text=установление+границ+нового+участка+череповец": [
                "geoecoproduct.ru",
                "uslugi.yandex.ru",
                "Яндекс.Директ",
                "mayor.cherinfo.ru"
            ],
            "https://yandex.ru/search/?text=установление+координат+границ+земельного+участка+череповец": [
                "geoecoproduct.ru",
                "novabereg.ru",
                "uslugi.yandex.ru",
                "sites.google.com"
            ],
            "https://yandex.ru/search/?text=границы+участка+на+местности+череповец": [
                "geoecoproduct.ru",
                "agrogeo.ru",
                "Яндекс.Директ",
                "egrp365.org"
            ],
            "https://yandex.ru/search/?text=вынос+границ+участка+на+местности+череповец": [
                "geoecoproduct.ru",
                "uslugi.yandex.ru",
                "sites.google.com",
                "agrogeo.ru"
            ],
            "https://yandex.ru/search/?text=границы+участка+по+координатам+на+местности+череповец": [
                "geoecoproduct.ru",
                "agrogeo.ru",
                "Яндекс.Директ",
                "egrp365.org"
            ],
            "https://yandex.ru/search/?text=кадастровый+инженер+определить+границы+участка+череповец": [
                "geoecoproduct.ru",
                "uslugi.yandex.ru",
                "agrogeo.ru",
                "Яндекс.Директ"
            ],
            "https://yandex.ru/search/?text=как+определить+границы+участка+по+координатам+череповец": [
                "geoecoproduct.ru",
                "agrogeo.ru",
                "Яндекс.Директ",
                "egrp365.org"
            ],
            "https://yandex.ru/search/?text=определяем+границы+участка+с+телефоном+череповец": [
                "geoecoproduct.ru",
                "Яндекс.Директ",
                "uslugi.yandex.ru",
                "egrp365.org"
            ],
            "https://yandex.ru/search/?text=как+определить+границы+участка+по+кадастровому+плану+череповец": [
                "geoecoproduct.ru",
                "uslugi.yandex.ru",
                "Яндекс.Директ",
                "egrp365.org"
            ],
            "https://yandex.ru/search/?text=кадастровый+инженер+для+определения+границ+участка+череповец": [
                "geoecoproduct.ru",
                "uslugi.yandex.ru",
                "agrogeo.ru",
                "Яндекс.Директ"
            ],
            "https://yandex.ru/search/?text=стоимость+топографической+съемки+череповец": [
                "geoecoproduct.ru",
                "iziskania.com",
                "topograficheskaya-syemka.ru",
                "sites.google.com"
            ],
            "https://yandex.ru/search/?text=топографическая+съемка+местности+череповец": [
                "geoecoproduct.ru",
                "sites.google.com",
                "iziskania.com",
                "topograficheskaya-syemka.ru"
            ],
            "https://yandex.ru/search/?text=топографический+план+участка+череповец": [
                "geoecoproduct.ru",
                "uslugi.yandex.ru",
                "agrogeo.ru",
                "Яндекс.Директ"
            ],
            "https://yandex.ru/search/?text=создание+топографических+планов+череповец": [
                "geoecoproduct.ru",
                "innoter.com",
                "topograficheskaya-syemka.ru",
                "Яндекс.Директ"
            ],
            "https://yandex.ru/search/?text=топосъемка+1+1000+череповец": [
                "geoecoproduct.ru",
                "topograficheskaya-syemka.ru",
                "mgeoplus.ru",
                "agrogeo.ru"
            ],
            "https://yandex.ru/search/?text=топосъемка+масштаб+череповец": [
                "geoecoproduct.ru",
                "topograficheskaya-syemka.ru",
                "mgeoplus.ru",
                "Яндекс.Директ"
            ],
            "https://yandex.ru/search/?text=топографическая+съемка+gps+череповец": [
                "geoecoproduct.ru",
                "sites.google.com",
                "iziskania.com",
                "agrogeo.ru"
            ],
            "https://yandex.ru/search/?text=заказать+топографический+план+череповец": [
                "geoecoproduct.ru",
                "innoter.com",
                "topograficheskaya-syemka.ru",
                "sites.google.com"
            ],
            "https://yandex.ru/search/?text=производство+топографических+съемок+череповец": [
                "geoecoproduct.ru",
                "topograficheskaya-syemka.ru",
                "agrogeo.ru",
                "Яндекс.Директ"
            ],
            "https://yandex.ru/search/?text=топографический+план+череповец": [
                "geoecoproduct.ru",
                "topograficheskaya-syemka.ru",
                "Яндекс.Директ",
                "череповец.геология.org"
            ],
            "https://yandex.ru/search/?text=топографическая+съемка+череповец": [
                "geoecoproduct.ru",
                "sites.google.com",
                "topograficheskaya-syemka.ru",
                "agrogeo.ru"
            ],
            "https://yandex.ru/search/?text=топографические+съемки+тест+череповец": [
                "geoecoproduct.ru",
                "agrogeo.ru",
                "Яндекс.Директ",
                "uslugi.yandex.ru"
            ],
            "https://yandex.ru/search/?text=топография+вологодская+область+череповец": [
                "geoecoproduct.ru",
                "topograficheskaya-syemka.ru",
                "Яндекс.Директ",
                "ru-ru.topographic-map.com"
            ],
            "https://yandex.ru/search/?text=топография+череповецкий": [
                "geoecoproduct.ru",
                "topograficheskaya-syemka.ru",
                "vk.com",
                "череповец.геология.org"
            ]
        },
        "bad": {
            "https://yandex.ru/search/?text=череповец+геодезия": [
                "uslugi.yandex.ru",
                "sites.google.com",
                "geoecoproduct.ru",
                "agrogeo.ru"
            ],
            "https://yandex.ru/search/?text=услуги+геодезиста+череповец": [
                "гео35.рф",
                "uslugi.yandex.ru",
                "geoecoproduct.ru",
                "Яндекс.Директ"
            ],
            "https://yandex.ru/search/?text=1+съемка+топографический+череповец": [
                "topograficheskaya-syemka.ru",
                "agrogeo.ru",
                "Яндекс.Директ",
                "uslugi.yandex.ru"
            ],
            "https://yandex.ru/search/?text=геодезическая+компания+череповец": [
                "гео35.рф",
                "geoecoproduct.ru",
                "геодезическое-сопровождение.рф",
                "uslugi.yandex.ru"
            ],
            "https://yandex.ru/search/?text=проведение+межевания+череповец": [
                "uslugi.yandex.ru",
                "geoecoproduct.ru",
                "sites.google.com",
                "agrogeo.ru"
            ],
            "https://yandex.ru/search/?text=межевание+границ+земельного+участка+череповец": [
                "uslugi.yandex.ru",
                "geoecoproduct.ru",
                "agrogeo.ru",
                "sites.google.com"
            ],
            "https://yandex.ru/search/?text=где+сделать+межевание+череповец": [
                "gid.cherinfo.ru",
                "uslugi.yandex.ru",
                "geoecoproduct.ru",
                "agrogeo.ru"
            ],
            "https://yandex.ru/search/?text=межевание+участка+цена+череповец": [
                "uslugi.yandex.ru",
                "geoecoproduct.ru",
                "agrogeo.ru",
                "sites.google.com"
            ],
            "https://yandex.ru/search/?text=сделать+межевание+земельного+участка+цена+череповец": [
                "uslugi.yandex.ru",
                "geoecoproduct.ru",
                "agrogeo.ru",
                "sites.google.com"
            ],
            "https://yandex.ru/search/?text=заказать+межевание+череповец": [
                "uslugi.yandex.ru",
                "agrogeo.ru",
                "sites.google.com",
                "geoecoproduct.ru"
            ],
            "https://yandex.ru/search/?text=сколько+стоит+межевание+земельного+череповец": [
                "uslugi.yandex.ru",
                "agrogeo.ru",
                "sites.google.com",
                "Яндекс.Директ"
            ],
            "https://yandex.ru/search/?text=межевание+участка+телефон+череповец": [
                "gid.cherinfo.ru",
                "geoecoproduct.ru",
                "uslugi.yandex.ru",
                "agrogeo.ru"
            ],
            "https://yandex.ru/search/?text=сделать+межевание+цена+череповец": [
                "uslugi.yandex.ru",
                "geoecoproduct.ru",
                "agrogeo.ru",
                "programma-sklad.ru"
            ],
            "https://yandex.ru/search/?text=межевание+череповецкий+район+цена": [
                "uslugi.yandex.ru",
                "zemlemer35.ru",
                "sites.google.com",
                "agrogeo.ru"
            ],
            "https://yandex.ru/search/?text=оформить+межевание+земельного+череповец": [
                "uslugi.yandex.ru",
                "geoecoproduct.ru",
                "agrogeo.ru",
                "Яндекс.Директ"
            ],
            "https://yandex.ru/search/?text=межевание+земельного+цена+череповец": [
                "uslugi.yandex.ru",
                "geoecoproduct.ru",
                "agrogeo.ru",
                "sites.google.com"
            ],
            "https://yandex.ru/search/?text=кадастровое+межевание+земельного+участка+череповец": [
                "uslugi.yandex.ru",
                "geoecoproduct.ru",
                "agrogeo.ru",
                "Яндекс.Директ"
            ],
            "https://yandex.ru/search/?text=как+оформить+межевание+череповец": [
                "GosDocs.com",
                "uslugi.yandex.ru",
                "agrogeo.ru",
                "geoecoproduct.ru"
            ],
            "https://yandex.ru/search/?text=земельный+межевание+сколько+череповец": [
                "uslugi.yandex.ru",
                "agrogeo.ru",
                "Яндекс.Директ",
                "agrogeo.ru"
            ],
            "https://yandex.ru/search/?text=межевание+стоять+участок+череповец": [
                "uslugi.yandex.ru",
                "geoecoproduct.ru",
                "agrogeo.ru",
                "Яндекс.Директ"
            ],
            "https://yandex.ru/search/?text=земельный+межевание+стоять+череповец": [
                "uslugi.yandex.ru",
                "geoecoproduct.ru",
                "agrogeo.ru",
                "Яндекс.Директ"
            ],
            "https://yandex.ru/search/?text=межевание+районам+череповец": [
                "uslugi.yandex.ru",
                "geoecoproduct.ru",
                "agrogeo.ru",
                "Яндекс.Директ"
            ],
            "https://yandex.ru/search/?text=межевание+земельного+участка+стоимость+череповец": [
                "uslugi.yandex.ru",
                "agrogeo.ru",
                "geoecoproduct.ru",
                "sites.google.com"
            ],
            "https://yandex.ru/search/?text=межевание+земельного+участка+череповец+первомайская+42": [
                "uslugi.yandex.ru",
                "geoecoproduct.ru",
                "agrogeo.ru",
                "Яндекс.Директ"
            ],
            "https://yandex.ru/search/?text=оформление+межевания+участка+череповец": [
                "uslugi.yandex.ru",
                "agrogeo.ru",
                "geoecoproduct.ru",
                "Яндекс.Директ"
            ],
            "https://yandex.ru/search/?text=межевание+земельных+участков+сколько+череповец": [
                "uslugi.yandex.ru",
                "geoecoproduct.ru",
                "agrogeo.ru",
                "sites.google.com"
            ],
            "https://yandex.ru/search/?text=межевание+череповецкий+район": [
                "zemlemer35.ru",
                "agrogeo.ru",
                "agrogeo.ru",
                "2gis.ru"
            ],
            "https://yandex.ru/search/?text=межевание+стоять+череповец": [
                "uslugi.yandex.ru",
                "geoecoproduct.ru",
                "sites.google.com",
                "agrogeo.ru"
            ],
            "https://yandex.ru/search/?text=межевание+цена+районы+череповец": [
                "uslugi.yandex.ru",
                "geoecoproduct.ru",
                "agrogeo.ru",
                "Яндекс.Директ"
            ],
            "https://yandex.ru/search/?text=оформление+межевание+земельного+участка+череповец": [
                "uslugi.yandex.ru",
                "geoecoproduct.ru",
                "agrogeo.ru",
                "amulex.ru"
            ],
            "https://yandex.ru/search/?text=как+сделать+межевание+череповец": [
                "uslugi.yandex.ru",
                "geoecoproduct.ru",
                "agrogeo.ru",
                "Яндекс.Директ"
            ],
            "https://yandex.ru/search/?text=межевания+земельного+участка+области+череповец": [
                "uslugi.yandex.ru",
                "agrogeo.ru",
                "геодезия35.рф",
                "Яндекс.Директ"
            ],
            "https://yandex.ru/search/?text=область+межевание+участков+череповец": [
                "uslugi.yandex.ru",
                "geoecoproduct.ru",
                "agrogeo.ru",
                "геодезия35.рф"
            ],
            "https://yandex.ru/search/?text=межевание+оформление+земельного+участка+собственность+череповец": [
                "uslugi.yandex.ru",
                "geoecoproduct.ru",
                "agrogeo.ru",
                "Яндекс.Директ"
            ],
            "https://yandex.ru/search/?text=инженер+геодезист+череповец": [
                "uslugi.yandex.ru",
                "superjob.ru",
                "geoecoproduct.ru",
                "agrogeo.ru"
            ],
            "https://yandex.ru/search/?text=геодезический+план+череповец": [
                "topograficheskaya-syemka.ru",
                "geoecoproduct.ru",
                "agrogeo.ru",
                "Яндекс.Директ"
            ],
            "https://yandex.ru/search/?text=вызов+геодезиста+череповец": [
                "uslugi.yandex.ru",
                "sites.google.com",
                "yutageo.ru",
                "geoecoproduct.ru"
            ],
            "https://yandex.ru/search/?text=геодезия+съемка+череповец": [
                "гео35.рф",
                "sites.google.com",
                "Avito.ru",
                "gid.cherinfo.ru"
            ],
            "https://yandex.ru/search/?text=геодезия+участка+череповец": [
                "гео35.рф",
                "geoecoproduct.ru",
                "uslugi.yandex.ru",
                "yutageo.ru"
            ],
            "https://yandex.ru/search/?text=услуги+геодезии+череповец": [
                "гео35.рф",
                "uslugi.yandex.ru",
                "геодезическое-сопровождение.рф",
                "yutageo.ru"
            ],
            "https://yandex.ru/search/?text=заказ+геодезиста+череповец": [
                "uslugi.yandex.ru",
                "inzhir35.ru",
                "yutageo.ru",
                "sites.google.com"
            ],
            "https://yandex.ru/search/?text=топографическая+геодезия+череповец": [
                "uslugi.yandex.ru",
                "sites.google.com",
                "Яндекс.Директ",
                "gid.cherinfo.ru"
            ],
            "https://yandex.ru/search/?text=геодезист+сайт+череповец": [
                "uslugi.yandex.ru",
                "geoecoproduct.ru",
                "Яндекс.Директ",
                "vk.com"
            ],
            "https://yandex.ru/search/?text=геодезические+здания+череповец": [
                "sites.google.com",
                "Яндекс.Директ",
                "2gis.ru",
                "gid.cherinfo.ru"
            ],
            "https://yandex.ru/search/?text=геодезия+телефон+череповец": [
                "yandex.ru",
                "гео35.рф",
                "геодезическое-сопровождение.рф",
                "uslugi.yandex.ru"
            ],
            "https://yandex.ru/search/?text=геодезист+череповец": [
                "uslugi.yandex.ru",
                "geoecoproduct.ru",
                "grandfil.ru",
                "sites.google.com"
            ],
            "https://yandex.ru/search/?text=геодезический+участок+череповец": [
                "sites.google.com",
                "geoecoproduct.ru",
                "yutageo.ru",
                "agrogeo.ru"
            ],
            "https://yandex.ru/search/?text=геодезист+телефон+череповец": [
                "reestr35.ru",
                "uslugi.yandex.ru",
                "геодезическое-сопровождение.рф",
                "geoecoproduct.ru"
            ],
            "https://yandex.ru/search/?text=геодезия+в+череповце+на+советском+череповец": [
                "гео35.рф",
                "geoecoproduct.ru",
                "uslugi.yandex.ru",
                "agrogeo.ru"
            ],
            "https://yandex.ru/search/?text=геодезия+ленина+123+череповец": [
                "uslugi.yandex.ru",
                "геодезия35.рф",
                "2gis.ru",
                "yandex.ru"
            ],
            "https://yandex.ru/search/?text=череповец+геодезия+ленина+123": [
                "uslugi.yandex.ru",
                "geoecoproduct.ru",
                "геодезия35.рф",
                "2gis.ru"
            ],
            "https://yandex.ru/search/?text=череповец+геодезия+ленина": [
                "uslugi.yandex.ru",
                "geoecoproduct.ru",
                "геодезия35.рф",
                "2gis.ru"
            ],
            "https://yandex.ru/search/?text=геодезист+область+череповец": [
                "uslugi.yandex.ru",
                "geoecoproduct.ru",
                "agrogeo.ru",
                "Яндекс.Директ"
            ],
            "https://yandex.ru/search/?text=череповец+геодезия+ленина+123+телефон": [
                "isprav.ru",
                "uslugi.yandex.ru",
                "mgeoplus.ru",
                "geoecoproduct.ru"
            ],
            "https://yandex.ru/search/?text=вынос+границ+на+местности+череповец": [
                "sites.google.com",
                "geoecoproduct.ru",
                "Яндекс.Директ",
                "Avito.ru"
            ],
            "https://yandex.ru/search/?text=выделение+доли+в+натуре+земельного+участка+череповец": [
                "novabereg.ru",
                "geoecoproduct.ru",
                "Яндекс.Директ",
                "stroim-domik.org"
            ],
            "https://yandex.ru/search/?text=выделение+доли+участка+в+натуре+череповец": [
                "journal.tinkoff.ru",
                "stroim-domik.org",
                "rosreestr.gov.ru",
                "allo-urist.com"
            ],
            "https://yandex.ru/search/?text=выделение+участка+в+натуре+череповец": [
                "agrogeo.ru",
                "Яндекс.Директ",
                "journal.tinkoff.ru",
                "cherra.ru"
            ],
            "https://yandex.ru/search/?text=вынос+границ+в+натуру+череповец": [
                "uslugi.yandex.ru",
                "geoecoproduct.ru",
                "sites.google.com",
                "Avito.ru"
            ],
            "https://yandex.ru/search/?text=вынести+границы+участка+в+натуру+цена+череповец": [
                "uslugi.yandex.ru",
                "geoecoproduct.ru",
                "sites.google.com",
                "agrogeo.ru"
            ],
            "https://yandex.ru/search/?text=вынести+участок+в+натуре+череповец": [
                "uslugi.yandex.ru",
                "geoecoproduct.ru",
                "Яндекс.Директ",
                "uslugi.yandex.ru"
            ],
            "https://yandex.ru/search/?text=границы+земельного+участка+в+натуре+череповец": [
                "novabereg.ru",
                "geoecoproduct.ru",
                "agrogeo.ru",
                "Яндекс.Директ"
            ],
            "https://yandex.ru/search/?text=доля+земельного+участка+в+натуре+череповец": [
                "novabereg.ru",
                "geoecoproduct.ru",
                "Яндекс.Директ",
                "uslugi.yandex.ru"
            ],
            "https://yandex.ru/search/?text=земельный+натура+участок+череповец": [
                "novabereg.ru",
                "geoecoproduct.ru",
                "Яндекс.Директ",
                "Avito.ru"
            ],
            "https://yandex.ru/search/?text=точки+в+натуре+земельного+участка+череповец": [
                "novabereg.ru",
                "geoecoproduct.ru",
                "Яндекс.Директ",
                "uslugi.yandex.ru"
            ],
            "https://yandex.ru/search/?text=вынести+в+натуру+границы+участка+череповец": [
                "uslugi.yandex.ru",
                "geoecoproduct.ru",
                "sites.google.com",
                "agrogeo.ru"
            ],
            "https://yandex.ru/search/?text=выделения+земельного+участка+в+натуре+череповец": [
                "novabereg.ru",
                "geoecoproduct.ru",
                "agrogeo.ru",
                "Яндекс.Директ"
            ],
            "https://yandex.ru/search/?text=разметка+границ+участка+череповец": [
                "uslugi.yandex.ru",
                "geoecoproduct.ru",
                "sites.google.com",
                "agrogeo.ru"
            ],
            "https://yandex.ru/search/?text=разметка+дачного+участка+череповец": [
                "Avito.ru",
                "uslugio.com",
                "vk.com",
                "cherepovec.ekskavatory-arenda.ru"
            ],
            "https://yandex.ru/search/?text=вынесение+границ+участка+череповец": [
                "uslugi.yandex.ru",
                "geoecoproduct.ru",
                "agrogeo.ru",
                "Яндекс.Директ"
            ],
            "https://yandex.ru/search/?text=вынесение+границ+земельного+участка+череповец": [
                "novabereg.ru",
                "uslugi.yandex.ru",
                "geoecoproduct.ru",
                "agrogeo.ru"
            ],
            "https://yandex.ru/search/?text=вынесение+границ+земельного+участка+в+натуру+череповец": [
                "novabereg.ru",
                "uslugi.yandex.ru",
                "geoecoproduct.ru",
                "sites.google.com"
            ],
            "https://yandex.ru/search/?text=вынесение+точек+на+местность+череповец": [
                "uslugi.yandex.ru",
                "geoecoproduct.ru",
                "uslugi.yandex.ru",
                "vk.com"
            ],
            "https://yandex.ru/search/?text=вынесение+точек+в+натуру+череповец": [
                "uslugi.yandex.ru",
                "geoecoproduct.ru",
                "sites.google.com",
                "Яндекс.Директ"
            ],
            "https://yandex.ru/search/?text=закрепление+границ+земельного+участка+череповец": [
                "novabereg.ru",
                "geoecoproduct.ru",
                "agrogeo.ru",
                "jurguru.ru"
            ],
            "https://yandex.ru/search/?text=закрепление+границ+земельного+участка+на+местности+череповец": [
                "novabereg.ru",
                "geoecoproduct.ru",
                "agrogeo.ru",
                "Яндекс.Директ"
            ],
            "https://yandex.ru/search/?text=выделение+границ+земельного+участка+череповец": [
                "novabereg.ru",
                "uslugi.yandex.ru",
                "geoecoproduct.ru",
                "agrogeo.ru"
            ],
            "https://yandex.ru/search/?text=установить+границы+земельного+участка+череповец": [
                "novabereg.ru",
                "uslugi.yandex.ru",
                "geoecoproduct.ru",
                "sites.google.com"
            ],
            "https://yandex.ru/search/?text=установление+площади+и+границ+участка+череповец": [
                "uslugi.yandex.ru",
                "geoecoproduct.ru",
                "Яндекс.Директ",
                "mayor.cherinfo.ru"
            ],
            "https://yandex.ru/search/?text=установление+границ+участка+на+местности+череповец": [
                "uslugi.yandex.ru",
                "geoecoproduct.ru",
                "sites.google.com",
                "agrogeo.ru"
            ],
            "https://yandex.ru/search/?text=установить+границы+смежных+земельных+участков+череповец": [
                "novabereg.ru",
                "uslugi.yandex.ru",
                "geoecoproduct.ru",
                "agrogeo.ru"
            ],
            "https://yandex.ru/search/?text=установлены+границы+земельного+участка+межевания+череповец": [
                "uslugi.yandex.ru",
                "geoecoproduct.ru",
                "agrogeo.ru",
                "Яндекс.Директ"
            ],
            "https://yandex.ru/search/?text=межевание+установление+границ+земельного+участка+череповец": [
                "uslugi.yandex.ru",
                "geoecoproduct.ru",
                "agrogeo.ru",
                "sites.google.com"
            ],
            "https://yandex.ru/search/?text=установить+фактические+границы+участка+череповец": [
                "uslugi.yandex.ru",
                "geoecoproduct.ru",
                "agrogeo.ru",
                "Яндекс.Директ"
            ],
            "https://yandex.ru/search/?text=необходимо+установить+границы+земельного+участка+череповец": [
                "novabereg.ru",
                "uslugi.yandex.ru",
                "geoecoproduct.ru",
                "sites.google.com"
            ],
            "https://yandex.ru/search/?text=как+установить+границы+участка+земли+череповец": [
                "uslugi.yandex.ru",
                "geoecoproduct.ru",
                "agrogeo.ru",
                "Яндекс.Директ"
            ],
            "https://yandex.ru/search/?text=установить+точки+границ+земельного+участка+череповец": [
                "uslugi.yandex.ru",
                "novabereg.ru",
                "geoecoproduct.ru",
                "sites.google.com"
            ],
            "https://yandex.ru/search/?text=установить+границы+участка+на+местности+череповец": [
                "uslugi.yandex.ru",
                "geoecoproduct.ru",
                "sites.google.com",
                "agrogeo.ru"
            ],
            "https://yandex.ru/search/?text=границы+земельного+участка+установлены+на+местности+череповец": [
                "novabereg.ru",
                "uslugi.yandex.ru",
                "geoecoproduct.ru",
                "Яндекс.Директ"
            ],
            "https://yandex.ru/search/?text=границы+земельных+участков+сделать+череповец": [
                "novabereg.ru",
                "geoecoproduct.ru",
                "agrogeo.ru",
                "rusjurist.ru"
            ],
            "https://yandex.ru/search/?text=границы+земельного+участка+на+местности+череповец": [
                "novabereg.ru",
                "geoecoproduct.ru",
                "agrogeo.ru",
                "Яндекс.Директ"
            ],
            "https://yandex.ru/search/?text=как+определить+границы+участка+череповец": [
                "uslugi.yandex.ru",
                "geoecoproduct.ru",
                "Яндекс.Директ",
                "egrp365.org"
            ],
            "https://yandex.ru/search/?text=как+определить+границы+земельного+участка+череповец": [
                "gurievsk.gov39.ru",
                "uslugi.yandex.ru",
                "geoecoproduct.ru",
                "agrogeo.ru"
            ],
            "https://yandex.ru/search/?text=как+определить+границы+участка+по+кадастровому+череповец": [
                "reestr.net",
                "uslugi.yandex.ru",
                "geoecoproduct.ru",
                "agrogeo.ru"
            ],
            "https://yandex.ru/search/?text=как+определить+границы+земельного+участка+по+кадастровому+череповец": [
                "uslugi.yandex.ru",
                "geoecoproduct.ru",
                "agrogeo.ru",
                "Яндекс.Директ"
            ],
            "https://yandex.ru/search/?text=определить+местоположение+границ+земельного+участка+череповец": [
                "novabereg.ru",
                "uslugi.yandex.ru",
                "geoecoproduct.ru",
                "agrogeo.ru"
            ],
            "https://yandex.ru/search/?text=точно+определить+границы+участка+череповец": [
                "yutageo.ru",
                "geoecoproduct.ru",
                "agrogeo.ru",
                "Яндекс.Директ"
            ],
            "https://yandex.ru/search/?text=как+определить+точные+границы+земельного+участка+череповец": [
                "law.ru",
                "uslugi.yandex.ru",
                "geoecoproduct.ru",
                "agrogeo.ru"
            ],
            "https://yandex.ru/search/?text=межевание+земельного+участка+определить+границы+череповец": [
                "uslugi.yandex.ru",
                "geoecoproduct.ru",
                "agrogeo.ru",
                "Яндекс.Директ"
            ],
            "https://yandex.ru/search/?text=как+определить+границы+земельного+участка+по+координатам+череповец": [
                "Prozhivem.com",
                "uslugi.yandex.ru",
                "geoecoproduct.ru",
                "agrogeo.ru"
            ],
            "https://yandex.ru/search/?text=как+по+кадастру+определить+границы+участка+череповец": [
                "realty.rbc.ru",
                "uslugi.yandex.ru",
                "geoecoproduct.ru",
                "reestr.net"
            ],
            "https://yandex.ru/search/?text=определить+точки+границ+участка+череповец": [
                "uslugi.yandex.ru",
                "geoecoproduct.ru",
                "agrogeo.ru",
                "Яндекс.Директ"
            ],
            "https://yandex.ru/search/?text=определения+местоположения+границ+образуемого+земельного+участка+череповец": [
                "novabereg.ru",
                "uslugi.yandex.ru",
                "geoecoproduct.ru",
                "Яндекс.Директ"
            ],
            "https://yandex.ru/search/?text=топография+череповец": [
                "topograficheskaya-syemka.ru",
                "geoecoproduct.ru",
                "vk.com",
                "geoecoproduct.ru"
            ]
        }
    }
}